
 -------------------------------------------------------------------------
 -------------------------------------------------------------------------
 --------------Insert data into database for testing.---------------------
 -------------------------------------------------------------------------
 -------------------------------------------------------------------------
 --------------Insert data into database for testing.---------------------
 -------------------------------------------------------------------------
 -------------------------------------------------------------------------
 -- 1. Insert into "position" table.
 
 insert into "position"("position_id", "name", "latitude","longitude") 
 values
 	(1,'新南地区店舗開発地盤調査','38,02,59.5300','140,43,48.61'),
	(2,'山形県天皇市一日町四丁目2-3','38,20,38.49','140,22,17.45'),
	(3,'三重県四日市市河原田町','34,55,3.1','136,36,19.4'),
	(4,'福井県越前市国高一丁目第45号2番地の1','',''),
	(5,'熊本県山鹿市鹿本町津袋地内','33,1,8.5','130,45,50.6'),
	(6,'埼玉県北葛飾郡杉戸町本郷字東中656-1','36,0,9.3','139,45,19.1'),
	(7,'山形県酒田市幸町1丁目6-6','',''),
	(8,'秋田県能代市寺向９３-１地内','40,3,7.15','140,3,7.25'),
	(9,'鳥取県境港市昭和町','35,32,40.40','133,15,23.86'),
	(10,'福山市引野町５丁目１１-１１','','');
 -- 2. Insert into "party" table.
 insert into "party"("party_id", "name", "address","phone") 
 values
	------------------------安楽亭
 	(1,'東北ボーリング株式会社','','022-288-0321'),
	(2,'仙南ハウス産業株式会社','',NULL),
	------------------------ダイナム山形天皇
	(3,'株式会社　サムシング','','03-5665-0848'),
	(4,'石橋設計','','NULL'),
	------------------------バロー国高店改築工事地盤調査
	(5,'株式会社 サンケン試錐コンサルタント','','0776-33-1001'),
	------------------------九州薬品工業㈱山鹿工場
	(6,'田建設㈱','',NULL),
	(7,'新栄地研株式会社','','0952-32-0912'),
	(8,'新栄地研株式会社','','0952-32-0912'),
	------------------------九州薬品工業㈱山鹿工場
	(9,'総合地質株式会社','','03-5992-5300'),
	(10,'建設工業株式会社','',''),
	(11,'有限会社 倭田ボーリング','','0234－24－7979'),
		------------------------秋田県能代市寺向９３－１地内
	(12,'株式会社樹設計工房','','03-5992-5300'),
	(13,'秋田ボーリング株式会社','','018-862-4691'),

	(14,'大松建設　株式会社','','03-5992-5300'),
	(15,'株式会社　三友土質エンジニアリング','','086-279-7404'),
	
	(16,'株式会社　ラックス','',''),
	(17,'株式会社　エイチテック','','084-853-2721');
	
 -- 3.1 insert into "tool_type"("tool_type_id", "name") 
 insert into "tool_type"("tool_type_id", "name")
 values
	(1,'試錐機'),
	(2,'ハンマー落下'),
	(3,'ポンプ');
 -- 3. Insert into "tool" table.
insert into "tool"("tool_id", "name","tool_type_id") 
values
	(1,'東邦D－１',1),
	(2,'半自動型',2),
	(3,'V5-P',3),
	-----------------
	(4,'YBM-05',1),
	(5,'半自動落下装置',2),
	(6,'GP-5',3),
	-----------------
	(7,'吉田YBM05試錐機',1),
	(8,'半自動型',2),
	(9,'YOSID-SP-5A',3),
	(10,'SP-30',1),
	(11,'YBM-1WA',2),
	(12,'大野0D-60S',3),
	(13,'利根TEC-1',1),
	(14,'利根NP-40B',2),
	
	(15,'東邦D-1',1),
	(16,'東邦BG-3C',3),
	
	(17,'東邦地下工業D1－４８制',1);
	

 -- 4. Insert into "construction" table.
 insert into "construction"("construction_id","name","position_id")
 values
 (1,'安楽亭',1),
 (2,'ダイナム山形天皇',2),
 (3,'バロー国高店改築工事地盤調査',4),
 (4,'九州薬品工業㈱山鹿工場',5),
 (5,'仁平自動車第2工場新築工事地盤調査',6),
 (6,'新社室改装工事',7),
 (7,'薬王堂能代寺向',8),
 (8,'ホクスイ工場',9),
 (9,'山幸物流',10);
 -- 5. Insert into "soil_type" table.
 insert into "soil_type"("soil_type_id", "name","symbol", "description","image_url") 
 values
     (1,'シルト','M','', NULL),
	 (2,'砂質シルト','S-M','', NULL),
	 (3,'礫混じり粗砂','G-Cs','', NULL),
	 (4,'砂礫','Gs','', NULL),
	 (5,'シルト質中砂','M-Ms','', NULL),
	 (6,'礫混じり中砂','G-Ms','', NULL),
	 (7,'粗砂','Cs','', NULL),
	 (8,'砂混じりシルト','S-MH','', NULL),
	 (9,'砂混じり粘土','S-CH','', NULL),
	 (10,'粘土','CH','', NULL),
	 (11,'理土','N','', NULL),
	 (12,'凝灰質粘土','TF-CH','', NULL),
	 (13,'凝灰質シルト','TF-M','', NULL),
	 (14,'粘土質シルト','CH-M','', NULL),
	 (15,'有機質シルト','O-M','',NULL),
	 (16,'礫','G','',NULL),
	 (17,'礫混じり粘土','G-CH','',NULL),
	 (19,'シルト質砂礫','M-G','',NULL),
	 (20,'粘土こじり砂礫','CHーGS','',NULL),
	 (21,'コンクリート','CO','',NULL),
	 (22,'細粒分質砂質礫','GFS','',NULL),
	 (23,'細粒分混じり砂質礫','GS-F','',NULL),
	 (24,'砂混じり細粒土','F-S','',NULL),
	 (25,'有機質粘土','O','',NULL),
	 (26,'玉石混じり砂','S-B','',NULL),
	 (27,'玉石混じり砂','V-S','',NULL),
	 (28,'表土','FI','',NULL),
	 (29,'細粒土立','Fm','',NULL),
	 (30,'細粒分混じり砂','SF','',NULL),
	 
	 (31,'泥炭','Pt','',NULL),
	 (32,'細粒土','F','',NULL);
 -- 6. Insert into "boring_test" table.
insert into "boring_test"("boring_test_id","construction_id","order_party_id","order_conducing_id","name")
values
   (1,1,2,1,'新南地区店舗開発地盤調査'),
   (2,2,4,3,'天皇市一日町計画　地盤調査'),
   (3,3,5,NULL,'バロー国高店改築工事地盤調査'),
   (4,4,6,7,'九州薬品工業㈱山鹿工場'),
   (5,5,NULL,9,'仁平自動車第2工場新築工事地盤調査'),
   (6,6,10,11,'新社屋改装工事'),
   (7,7,12,13,'秋田県のボーリング調査'),
   (8,8,14,15,'ホクスイ新装工事'),
   (9,9,16,17,'山幸物流令庫新装工事に伴う地質調査');
 -- 7. Insert into "using_tool" table.
 insert into "using_tool"("using_tool_id","tool_id","boring_test_id")
 values
    (1,1,1),
	(2,2,1),
	(3,3,1),
	-------------------------------------------------
	(4,4,2),
	(5,5,2),
	(6,6,2),
	-------------------------------------------------
	(7,7,3),
	(8,8,3),
	(9,9,3),
	-------------------------------------------------
	(10,4,4),
	(11,7,4),
	(12,10,4),
	-------------------------------------------------
	(13,9,5),
	(14,5,5),
	(15,12,5),
	-------------------------------------------------
	(16,13,6),
	(17,5,6),
	(18,14,6),
	-------------------------------------------------
	(19,4,7),
	(20,5,7),
	(21,15,7),
	
	(22,15,8),
	(23,5,8),
	(24,16,8),
	
	(25,17,9),
	(26,5,9),
	(27,16,9);

 
 -- 8. Insert into "result" table.
 insert into "result"("result_id","name","boring_test_id","slope_of_ground","direction","angle","kbm","water_elevation","water_elevation_measuring_date","started_day","finished_day")
 values
    (1,'No.01',1,0,'','90',9.75,0.65,NULL,'2017-08-31','2017-07-09'),
	(2,'No.01',2,0,'','90',-0.97,1.57,'2017-08-17','2017-08-31','2017-08-18'),
	(3,'No.02',2,0,'','90',-1.03,1.60,'2017-08-21','2017-08-19','2017-08-22'),
	(4,'No.01',3,0,'','90',-0.05,1.1,'2017-08-31','2017-08-29','2017-9-5'),
	(5,'No.02',3,0,'','90',-0.21,1.85,'2017-9-7','2017-9-6','2017-9-16'),
	 -------------------九州薬品工業㈱山鹿工場
	(6,'No.01',4,0,'','90',64.3,4.80,'2017-3-11','2017-3-11','2017-3-11'),
	(7,'No.02',4,0,'','90',64.3,2.9,'2017-3-13','2017-3-13','2017-3-13'),
	(8,'No.03',4,0,'','90',64.3,2.7,'2017-3-8','2017-3-8','2017-3-8'),
	(9,'No.04',4,0,'','90',64.3,4,'2017-3-9','2017-3-9','2017-3-9'),
		 -------------------九州薬品工業㈱山鹿工場
	(10,'No.01',5,0,'','90',-0.034,1.05,'2017-1-8','2017-1-7','2017-1-8'),
	
	(11,'No.01',6,0,'','90',0.157,0.65,'2017-12-21','2017-12-21','2017-12-26'),
	
	(12,'B-1',7,0,'','90',0.15,0.7,'2017-7-12','2017-7-12','2017-7-15'),

	(13,'No.1',8,0,'','90',0.25,1.02,'2017-7-25','2017-7-25','2017-7-26'),
	(14,'No.2',8,0,'','90',0.25,0.48,'2018-1-20','2018-1-12','2018-1-21'),
	
	(15,'Bor.No.1',9,0,'','90',1.17,0.48,'2018-2-16','2018-2-16','2018-2-20');
 -- 9. Insert into "spt_result" table.
 insert into "spt_result" ("spt_result_id", "from_depth","first","penetration_on_first","second","penetration_on_second","third","penetration_on_third","result_id")
 values
	( 1, 1.15, 1, 0.2,  1,   0.2,  NULL, NULL, 1),
	( 2, 2.15, 1, 0.35,  NULL,   NULL,  NULL, NULL, 1),
	( 3, 3, 0, 0.5,  NULL,   NULL,  0, 0.5, 1),
	( 4, 4, 0, 0.5,  NULL,   NULL,  0, 0.5, 1),
	( 5, 5.15, 1, 0.2,  1,   NULL,  NULL, NULL, 1),
	( 6, 6, 0, 0.5,  NULL,   NULL,  0, 0.5, 1),
	( 7, 7.15, 5, 0.1,  6,   0.1,  7, 0.1, 1),
	( 8, 8.15, 9, 0.1,  9,   0.1,  9, 0.1, 1),
	( 9, 9.15, 6, 0.1,  5,   0.1,  5, 0.1, 1),
	(10, 10.15, 5, 0.1,5,    0.1,   5, 0.1, 1),
	(11, 11.15, 6, 0.1,6,    0.1,   6, 0.1, 1),
	(12, 12.15, 1, 0.1,1,    0.1,   1, 0.1, 1),
	(13, 13.15, 1, 0.15,1,    0.1,   1, 0.1, 1),
	(14, 14.15, 1, 0.1,1,    0.1,   1, 0.1, 1),
	(15, 15.15, 1, 0.1,1,    0.1,   2, 0.1, 1),
	(16, 16.15, 1, 0.1,1,    0.1,   2, 0.1, 1),
	(17, 17.15, 6, 0.1,7,    0.1,   6, 0.1, 1),
	(18, 18.15, 1, 0.1,2,    0.1,   1, 0.1, 1),
	(19, 19.15, 1, 0.1,1,    0.1,   2, 0.1, 1),
	(20, 20.15, 3, 0.1,5,    0.1,   6, 0.1, 1),
	(21, 21.15, 8, 0.1,10,    0.1,   12, 0.1, 1),
	(22, 22.15, 12, 0.1,14,    0.1,   17, 0.1, 1),
	(23, 23.15, 2, 0.1,7,    0.1,   1, 0.1, 1),
	(24, 24.15, 1, 0.1,2,    0.1,   2, 0.1, 1),
	(25, 25.15, 10, 0.15,10,    0.1,   10, 0.1, 1),
	(26, 26.15, 10, 0.1,9,    0.1,  10, 0.1, 1),
	(27, 27.15, 11, 0.1,15,    0.1,   17, 0.1, 1),
	(28, 28.15, 12, 0.1,17,    0.1,   19, 0.1, 1),
	(29, 29.15, 14, 0.1,11,    0.1,   10, 0.1, 1),
	(30, 30.15, 17, 0.15,25,    0.1,  8, 0.03, 1),
	-------------------------------------------------
	( 31, 1.15, 9, 0.1,  5,   0.1,  5, 0.1, 2),
	( 32, 2.15, 1, 0.1,  1,  0.1,  1, 0.1, 2),
	( 33, 3.15, 1, 0.1,  1,   0.1,  1, 0.1, 2),
	( 34, 4.15, 1, 0.4,  NULL,   NULL, NULL, NULL, 2),
	( 35, 5.15, NULL, NULL,  1,   0.20,  1, 0.15, 2),
	( 36, 6.15, 3, 0.1,  3,   0.1,  3, 0.1, 2),
	( 37, 7.15, 3, 0.1,  3,   0.1,  3, 0.1, 2),
	( 38, 8.15, 10, 0.1,  14,   0.1, 13, 0.1, 2),
	( 39, 9.15, 11, 0.1,  10,   0.1, 12, 0.1, 2),
	(40, 10.15, 4, 0.1,3,    0.1,   3, 0.1, 2),
	(41, 11.15, 3, 0.1,1,    0.15,   1, 0.1, 2),
	(42, 12.15, 5, 0.1,5,    0.1,   6, 0.1, 2),
	(43, 13.15, 3, 0.1,4,    0.1,   5, 0.1, 2),
	(44, 14.15, 16, 0.1,14,    0.1,   16, 0.1, 2),
	(45, 15.15, 15, 0.1,14,    0.1,   15, 0.1, 2),
	(46, 16.15, 3, 0.1,4,    0.1,   4, 0.1, 2),
	(47, 17.15, 4, 0.1,4,    0.1,   4, 0.1, 2),
	(48, 18.15, 2, 0.1,3,    0.1,  4, 0.1, 2),
	(49, 19.15, 3, 0.1,7,    0.1,   4, 0.1, 2),
	(50, 20.15, 3, 0.1,5,    0.1,   6, 0.1, 2),
	(51, 21.15, 4, 0.1,6,    0.1,   6, 0.1, 2),
	(52, 22.15, 7, 0.1,7,    0.1,   6, 0.1, 2),
	(53, 23.15, 6, 0.1,6,    0.1,   6, 0.1, 2),
	(54, 24.15, 3, 0.1,3,    0.1,   3, 0.1, 2),
	(55, 25.15, 3, 0.1,3,    0.1,   3, 0.1, 2),
	(56, 26.15, 20, 0.1,25,    0.1,  15, 0.05, 2),
	(57, 27.15, 11, 0.1,15,    0.1,   17, 0.1, 2),
	-------------------------------------------------
	(58, 1.15, 1, 0.1,1,    0.12,   1, 0.3, 3),
	(59, 2.15, 1, 0.1,1,    0.1,   3, 0.12, 3),
	(60, 3.65, 1, 0.1,2,    0.1,  3, 0.1, 3),
	(61, 4.15, 1, 0.1,3,    0.1,   5, 0.1, 3),
	(62, 5.65, 4, 0.1,7,    0.1,   10, 0.1, 3),
	(63, 6.15, 1, 0.1,1,    0.1,   2, 0.12, 3),
	(64, 7.65, 4, 0.1,1,    0.1,   1, 0.1, 3),
	(65, 8.15, 1, 0.1,2,    0.1,   3, 0.1, 3),
	(66, 9.15, 2, 0.1,3,    0.1,   2, 0.1, 3),
	(67, 10.15, 3, 0.1,4,    0.1,   3, 0.1, 3),
	(68, 11.65, 4, 0.1,5,    0.1,   6, 0.1, 3),
	(69, 12.15, 12, 0.1,13,    0.1,   16, 0.1, 3),
	(70, 13.15, 3, 0.1,5,    0.1,   3, 0.1, 3),
	(71, 14.15, 4, 0.1,3,    0.1,   5, 0.1, 3),
	(72, 15.15, 5, 0.1,3,    0.1,   4, 0.1, 3),
	(73, 16.15, 4, 0.1,4,    0.1,  3, 0.1, 3),
	(74, 17.15, 5, 0.1,4,    0.1,   4, 0.1, 3),
	(75, 18.15, 3, 0.1,4,    0.1,  8, 0.1, 3),
	(76, 19.15, 2, 0.1,2,    0.1,   3, 0.1, 3),
	(77, 20.15, 2, 0.1,3,    0.1,   3, 0.1, 3),
	(78, 21.15, 3, 0.1,3,    0.1,   5, 0.1, 3),
	(79, 22.15, 4, 0.1,6,    0.1,   5, 0.1, 3),
	(80, 23.15, 15, 0.1,18,    0.1,   20, 0.1, 3),
	(81, 34.15, 20, 0.1,23,    0.1,   17, 0.17, 3),
	(82, 25.15, 37, 0.1,23,    0.01,   1, 0.1, 3),
	-------------------------------------------------
	( 83,	1.15, 	2, 	0.1,	2,   0.1,  1, 0.1, 4),
	( 84,	2.45, 	1, 	0.3,	NULL,   NULL,  NULL, NULL, 4),
	( 85,	3.45, 	1,	0.3,  	NULL,   0.1,  1, 0.1, 4),
	( 87,	4.55, 	1,	0.5, 	NULL,   0.1,  1, 0.1, 4),
	( 88,	6.45, 	12,	0.1,	11,   0.1,  12, 0.1, 4),
	( 89,	7.25, 	25,	0.1,	25,   0.1,  NULL, NULL, 4),
	( 90, 	8.45,  	8,	0.1,	7,   0.1,  5, 0.1, 4),
	( 91,	9.45,  	1,	0.1, 	1,   0.1,  2, 0.1, 4),
	( 92,	10.45,  2,	0.1, 	1,   0.1,  3, 0.1, 4),
	( 93,	11.45, 	0,	0.8, 	1,   0.1,  2, 0.12, 4),
	( 94,	12.45,  2,	0.1, 	5,   0.1,  8, 0.1, 4),
	( 95,	13.27,  21,	0.1, 	31,   0.1,  8, 0.2, 4),
	( 96,	14.45,	5,	0.1, 	6,   0.1,  14, 0.1, 4),
	( 97,	15.45,	5,	0.1, 	5,   0.1,  5, 0.1, 4),
	( 98,	16.45,	8,	0.1, 	7,   0.1,  6, 0.1, 4),
	( 99,	17.45,	14,	0.1, 	14,   0.1,  28, 0.1, 4),
	( 100,	18.45,	17, 0.1,	15,   0.1,  20, 0.1, 4),
	( 101,	19.45,	10,	0.1,	7,   0.1,  7, 0.1, 4),
	( 102,	20.45,	6,	0.1, 	2,   0.1,  7, 0.1, 4),
	
	( 103,	1.15, 	8,	0.1,	1,   0.1,  1, 0.1, 5),
	( 104,	2.15,	1,	0.1,	4,   0.1,  4,0.1, 5),
	( 105,	3.15, 	1,	0.12,	1,   0.11,  1, 0.07, 5),
	( 106,	4.15,	10,	0.1,	9,   0.1,  8, 0.1, 5),
	( 108,	6.15,   10,	0.1,	10,   0.1,  13, 0.1, 5),
	( 109,	7.05,	11,	0.1,	11,   0.1,  11, 0.1, 5),
	( 120,	8.15,   11,	0.1,	12,   0.1,  13, 0.1, 5),
	( 121,	9.15,   1,	0.1,	1,   0.1,  3, 0.1, 5),
	( 122,	10.15, 	1,	0.1,	2,   0.1,  3, 0.1, 5),
	( 123,	11.15, 	1,	0.08,	1,   0.1,  1, 0.12, 5),
	( 124,	12.15, 	6,	0.1,	8,   0.1,  12, 0.1, 5),
	( 125,	13.05, 	17,	0.1,	14,   0.1,  15, 0.02, 5),
	( 126,	14.15,  14,	0.1,	13,   0.1, 10, 0.1, 5),
	( 127,	15.15, 	2,	0.1,	2,   0.1,  2, 0.1, 5),
	( 128,	16.15, 	2,	0.1,	2,   0.1,  4, 0.1, 5),
	( 129,	17.15,	12,	0.1,	8,   0.1,  11, 0.1, 5),
	( 130,	18.05,	11,	0.1,	12,   0.1,  16, 0.1, 5),
	( 131,	19.15, 	9,	0.1,	7,   0.1,  19, 0.08, 5),
	( 132,	20.15, 	17,	0.1,	24,   0.1,  19, 0.1, 5),
	------------------九州薬品工業㈱山鹿工場----------------
	( 133,	1.15, 	3,	0.11,3,   0.1, 3, 0.1, 6),
	( 134,	2.15, 	1,	0.1,	3,   0.1,  5, 0.1, 6),
	( 135,	3, 	50,	0.01,	NULL,   NULL,  NULL, NULL, 6),
	( 136,	4, 	1,	0.3,	NULL,   NULL,  NULL, NULL, 6),
	( 137,	5.15, 	8,	0.1,	8,   0.1,  13, 0.1, 6),
	( 138,	6.15, 	7,	0.1,	8,   0.1,  8, 0.1, 6),
	( 139,	7.15, 	10,	0.1,	10,   0.1,  14, 0.1, 6),
	( 140,	8.15, 	14,	0.1,	14,   0.1,  12, 0.1, 6),
	( 141,	9.15, 	12,	0.1,	14,   0.1,  16, 0.1, 6),
	( 142,	10.15, 	50,	0.3,	NULL,   NULL,  NULL, NULL, 6),
	
	( 143,	1.15, 	10,	0.1,40, 0.05, NULL, NULL, 7),
	( 144,	2, 	50,	0.03,	NULL,   NULL,  NULL, NULL, 7),
	( 145,	2, 	50,	0.02,	NULL,   NULL,  NULL, NULL, 7),
	( 146,	3, 	3,	0.1,	6,   0.1,  4, 0.1, 7),
	( 147,	4.15, 	23,	0.1,	23,   0.1,  4, 0.02, 7),
	( 148,	5.15, 	23,	0.1,	27,   0.1,  NULL, NULL, 7),
	( 149,	6.15, 	20,	0.1,	23,   0.1,  7, 0.03, 7),
	( 150,	7.15, 	20,	0.1,	23,   0.1,  7, 0.03, 7),
	( 151,	8.15, 	15,	0.1,	22,   0.1,  13, 0.07, 7),
	
	( 152,	1.15, 	5,	0.1,5, 0.05, 5, 0.1, 8),
	( 153,	2.15, 	30,	0.1,	16,   0.1,  4, 0.05, 8),
	( 154,	3.15, 	28,	0.1,	22,   0.08,  NULL, NULL, 8),
	( 155,	4.15, 	1,	0.1,	1,   0.1,  1, 0.1, 8),
	( 156,	5.15, 	10,	0.1,	10,   0.1,  10, 0.02, 8),
	( 157,	6.15, 	12,	0.1,	10,   0.1,  9, 0.1, 8),
	( 158,	7.15, 	10,	0.1,	12,   0.1,  13, 0.1, 8),
	( 159,	8.15, 	10,	0.1,	13,   0.1,  15, 0.1, 8),
	
	( 160,	1.15, 	3,	0.1,1, 0.1, 1, 0.1, 9),
	( 161,	2.15, 	3,	0.1,	6,   0.1,  8, 0.1, 9),
	( 162,	3.15, 	32,	0.1,	18,   0.04,  NULL, NULL, 9),
	( 163,	4.15, 	50,	0.02,	NULL,   NULL,  NULL, NULL, 9),
	( 164,	5.15, 	1,	0.3,	NULL,  NULL,  NULL, NULL, 9),
	( 165,	6.15, 	11,	0.1,	15,   0.1,  20, 0.1, 9),
	( 166,	7.15, 	15,	0.1,	17,   0.1,  18, 0.09, 9),
	( 167,	8.15, 	15,	0.1,	18,   0.1,  17, 0.1, 9),
	( 168,	9.15, 	11,	0.1,	15,   0.1,  20, 0.1, 9),
	( 169,	1.15, 	2,	0.12,	1,   0.1,  4, 0.09, 10),
	( 170,	2.15, 	0,	0.08,	1,   0.12,  1, 0.15, 10),
	( 171,	3.15, 	0,	0.04,	1,   0.16,  1, 0.15, 10),
	( 172,	5.15, 	1,	0.17,	1,   0.05,  2, 0.08, 10),
	( 173,	6.15, 	1,	0.24,	1,   0.08,  NULL, NULL, 10),
	( 174,	7.15, 	0,	0,	0,   0,  0, 0, 10),
	( 175,	9.15, 	0,	0,	0,   0, 0,0, 10),
	( 176,	10.15, 	0,	0,	0,   0,  0, 0, 10),
	( 177,	11.15, 	0,	0,	0,   0,  0, 0, 10),
	( 178,	13.15, 	0,	0,	0,   0,  0, 0, 10),
	( 179,	14.15, 	0,	0,	0,   0,  0, 0, 10),
	( 180,	15.15, 	0,	0,	0,   0,  0, 0, 10),
	( 181,	17.15, 	0,	0,	0,   0,  0, 0, 10),
	( 182,	18.15, 	0,	0,	0,   0,  0, 0, 10),
	( 183,	20.15, 	0,	0,	0,   0,  0, 0, 10),
	

	( 184,	2,  	0,	0.1,	0,   0.1,  0, 0.1, 11),
	( 185,	3,  	0,	0.1,	0,   0.1,  0, 0.1, 11),
	( 186,	4.15, 	1,	0.1,	1,   0.1,  3, 0.1, 11),
	( 187,	5,  	0,	0.4,	1,   0.1,  0, 0.1, 11),
	( 188,	6,  	0,	0.4,	1,   0.15,  0, 0.1, 11),
	( 189,	7,  	0,	0.3,	1,   0.1,  1, 0.1, 11),
	( 190,	8.15, 	2,	0.1,	2,   0.1,  2, 0.1, 11),
	( 191,	9,  	0,	0.25,	1,   0.1, 1, 0.1, 11),
	( 192,	10, 	0,	0.25,	1,   0.1,  1, 0.1, 11),
	( 193,	11, 	0,	0.25,	1,   0.1,  1, 0.1, 11),
	( 194,	12.15, 	3,	0.1,	3,   0.1,  5, 0.1, 11),
	( 195,	13.15, 	1,	0.15,	1,   0.1,  1, 0.1, 11),
	( 196,	14.15, 	2,	0.1,	2,   0.1,  3, 0.1, 11),
	( 197,	15.15, 	2,	0.1,	2,   0.1,  5, 0.1, 11),
	( 198,	16.15, 	4,	0.1,	4,   0.1,  6, 0.1, 11),
	( 199,	17.15, 	4,	0.1,	5,   0.1,  5, 0.1, 11),
	( 201,	18.15, 	3,	0.1,	6,   0.1,  8, 0.1, 11),
	( 202,	20.15, 	3,	0.1,	5,   0.1,  7, 0.1, 11),
	( 203,	21.15, 	4,	0.1,	3,   0.1,  2, 0.1, 11),
	( 204,	22.15, 	2,	0.1,	2,   0.1,  2, 0.1, 11),
	( 205,	23.15, 	1,	0.1,	1,   0.1,  2, 0.1, 11),
	( 206,	24.15, 	1,	0.1,	2,   0.1,  1, 0.1, 11),
	( 207,	25.15, 	1,	0.1,	2,   0.1,  1, 0.1, 11),
	( 208,	1.15, 	4,	0.1,	2,   0.1,  1, 0.1, 11),
	
	( 209,	1.15, 	1,	0.1,1, 0.1, 2, 0.1, 12),
	( 210,	2.15, 	2,	0.2,1, 0.1, NULL, NULL, 12),
	( 211,	3.15, NULL,	NULL,NULL, NULL, NULL, NULL, 12),
	( 212,	4.15, 	1,	0.2,1, 0.15, NULL, NULL, 12),
	( 213,	5.15, 	1,	0.3,NULL, NULL, NULL, NULL, 12),
	( 214,	6.15, 	0,	0.20,1, 0.15, NULL, NULL, 12),
	( 215,	7.15, 	2,	0.1,2, 0.1, 2, 0.1, 12),
	( 216,	8.15, 	0,	0.2,1, 0.15, NULL, NULL, 12),
	( 217,	9.15, 	1,	0.15,1, 0.1, 1, 0.1, 12),
	( 218,	10.15, 	0,	0.1,1, 0.15, 1, 0.1, 12),
	( 219,	11.15, 	2,	0.15,1, 0.1, 1, 0.1, 12),
	( 220,	12.15, 	1,	0.15,1, 0.1, 1, 0.1, 12),
	( 221,	13.15, 	1,	0.1,1, 0.1, 1, 0.1, 12),
	( 222,	14.15, 	1,	0.1,1, 0.1, 2, 0.15, 12),
	( 223,	15.15, 	1,	0.1,2, 0.1, 3, 0.1, 12),
	( 224,	16.15, 	5,	0.1,4, 0.1, 3, 0.1, 12),
	( 225,	17.15, 	12,	0.1,12, 0.1, 13, 0.1, 12),
	( 226,	18.15, 	6,	0.1,4, 0.1, 3, 0.1, 12),
	( 227,	19.15, 	2,	0.1,1, 0.1, 1, 0.1, 12),
	( 228,	20.15, 	5,	0.1,6, 0.1, 6, 0.1, 12),
	
	( 229,	1.15, 	4,	0.1,5, 0.1, 3, 0.1, 13),
	( 230,	2.15, 	1,	0.1,1, 0.15, 1, 0.1, 13),
	( 231,	0, 	50,	NULL,NULL, NULL, NULL, NULL, 13),
	( 232,	0, 	50,	NULL,NULL, NULL, NULL, NULL, 13),
	( 233,	0, 	50,	NULL,NULL, NULL, NULL, NULL, 13),
	( 234,	6.15, 	1,	0.1,1, 0.1, 2, 0.1, 13),
	( 235,	7.15, 	2,	0.1,3, 0.1, 5, 0.1, 13),
	( 236,	8.15, 	2,	0.1,2, 0.1, 2, 0.1, 13),
	( 237,	9.15, 	3,	0.1,3, 0.1, 4, 0.1, 13),
	( 238,	10.15, 	2,	0.1,3, 0.1, 3, 0.1, 13),
	( 239,	11.15, 	2,	0.1,2, 0.1, 2, 0.1, 13),
	( 240,	12.15, 	1,	0.2,1, 0.15, 2, 0.1, 13),
	( 241,	13.15, 	1,	0.1,1, 0.1, 1, 0.1, 13),
	( 242,	14.15, 	1,	0.1,1, 0.1, 1, 0.1, 13),
	( 243,	15.15, 	1,	0.1,1, 0.1, 2, 0.1, 13),
	( 244,	16.15, 	1,	0.1,1, 0.1, 1, 0.1, 13),
	( 245,	17.15, 	1,	0.1,1, 0.1, 1, 0.1, 13),
	( 246,	18.15, 	1,	0.18,1, 0.12, NULL,NULL, 13),
	( 247,	19.15, 	1,	0.12,1, 0.15, 1, 0.08, 13),
	( 248,	20.15, 	1,	0.1,1, 0.1, 1, 0.1, 13),
	
	( 249,	21.15, 	1,	0.1,1, 0.1, 1, 0.1, 14),
	( 250,	22.15, 	1,	0.15,1, 0.15, NULL, NULL, 14),
	( 251,	23.15, 	1,	0.15,1, 0.1, 1, 0.1, 14),
	( 252,	24.15, 	1,	0.13,1, 0.12, 1, 0.1, 14),
	( 253,	25.15, 	1,	0.1,1, 0.1, 1, 0.1, 14),
	( 254,	28.15, 	1,	0.20,1, 0.1,NULL, NULL, 14),
	( 255,	34.15, 	1,	0.25,1, 0.1, NULL, NULL, 14),
	( 256,	37.15, 	1,	0.1,1, 0.1, 1, 0.1, 14),
	( 257,	40.15, 	2,	0.1,3, 0.1, 4, 0.1, 14),
	( 258,	43, 	60,	0.05,NULL, NULL, NULL,NULL, 14),

	( 259,	1.15, 	3,	0.1,2, 0.1, 2, 0.1, 15),
	( 260,	2.15, 	1,	0.09,2, 0.5, NULL, NULL, 15),
	( 261,	3,		0,	0.5,NULL, NULL, NULL, NULL, 15),
	( 262,	4,	 	0,	0.5,NULL, NULL, NULL, NULL, 15),
	( 263,	5,	 	0,	0.5,NULL, NULL, NULL, NULL, 15),
	( 264,	6,	 	0,	0.5,NULL, NULL, NULL, NULL, 15),
	( 265,	7,	 	0,	0.5,NULL, NULL, NULL, NULL, 15),
	( 266,	8,	 	0,	0.5,NULL, NULL, NULL, NULL, 15),
	( 267,	9,	 	0,	0.5,NULL, NULL, NULL, NULL, 15),
	( 268,	10, 	0,	0.25,1, 0.1, NULL, NULL, 15),
	( 269,	11.15, 	2,	0.1,2, 0.1, 3, 0.1, 15),
	( 270,	12.15, 	5,	0.1,7, 0.1, 8, 0.1, 15),
	( 271,	13.15, 	8,	0.1,8, 0.1, 10, 0.1, 15),
	( 272,	14.15, 	1,	0.15,3, 0.1, 1, 0.07, 15),
	( 273,	15.15, 	1,	0.1,1, 0.1, 2, 0.1, 15),
	( 274,	16.15, 	2,	0.1,2, 0.1, 2, 0.1, 15),
	( 275,	17.15, 	3,	0.1,4, 0.1, 5, 0.1, 15),
	( 276,	18.15, 	1,	0.1,4, 0.1, 5, 0.1, 15),
	( 277,	19.15, 	4,	0.1,5, 0.1, 5, 0.1, 15),
	( 278,	20.15, 	3,	0.1,3, 0.1, 2, 0.1, 15),
	( 279,	21.15, 	5,	0.1,6, 0.1, 7, 0.1, 15),
	( 280,	22.15, 	9,	0.1,9, 0.1, 9, 0.1, 15),
	( 281,	23.15, 	8,	0.1,7, 0.1, 6, 0.1, 15),
	( 282,	24.15, 	1,	0.1,2, 0.1, 3, 0.1, 15),
	( 283,	25.15, 	3,	0.1,3, 0.1, 6, 0.1, 15),
	( 284,	26.15, 	2,	0.1,3, 0.1, 4, 0.1, 15),
	( 285,	27.15, 	4,	0.1,44, 0.08, NULL, NULL, 15),
	( 286,	28,	0,	0.5,NULL, NULL, NULL, NULL, 15),
	( 287,	29,	0,	0.5,NULL, NULL, NULL, NULL, 15),
	( 288,	30,	0,	0.5,NULL, NULL, NULL, NULL, 15);
--10. Insert into "soil_result" table.
insert into "soil_result" ("soil_result_id","from_depth","to_depth","soil_type_id","relative_density","relative_consistency","description","color_description","result_id")
values
	(1, NULL, 9.45, 8,'非常に緩い','軟らかい', '礫混じり砂質からなる盛土。上部は砕石により被覆される。','暗灰～灰褐',1),
	(2, 9.45,5.05, 1,'非常に緩い','軟らかい', '比較的均質なシルト。深度0.6m以浅は植物根を混入する旧田面。腐植物を僅かに含み、深度4m付近に細砂を薄層で挟在する。','褐灰～暗灰～暗青灰',1),
	(3,5.05, 4.25 ,2,'非常に緩い','軟らかい', '細砂を薄層で挟在する砂質シルト','暗灰',1),
	(4, 4.25, 2.85, 1,'非常に緩い','軟らかい', '比較的均質なシルト。腐植物を僅かに含む。','暗灰',1),
	(5, 2.85, 1.15, 3,'非常に緩い','軟らかい', '径30～40㎜の亜円礫を混入する礫混じり粗砂。','暗青灰',1),
	(6, 1.15,0.05, 4,'非常に緩い','軟らかい', '径2～50㎜の亜円礫を主とする砂礫である。マトリックスは径2㎜程度の細礫を含む粗砂。','暗青灰',1),
	(7,0.05, -2.15,3,'非常に緩い','軟らかい', '径2～30㎜の亜円礫を混入する礫混じり粗砂。','暗青灰',1),
	(8, -2.15,-5.75, 1,'非常に緩い','軟らかい', '比較的均質なシルト。深度15m付近に細砂を薄層で挟在する','暗灰',1),
	(9, -5.75, -6.65, 2,'非常に緩い','軟らかい', '所々に細砂を薄層で挟在する砂質シルト。腐植物を含む。','暗灰',1),
	(10, -6.65, -9.05, 7,'非常に緩い','軟らかい', '径2㎜程度の細礫を含む粗砂。細～中砂を含み、全体に不均一。','暗灰',1),
	(11, -8.25, -2.85, 5,'非常に緩い','軟らかい', '全体に細粒分を含む中砂。全体に不均一','暗灰',1),
	(12, -9.05, -10.45, 1,'非常に緩い','軟らかい', '比較的均質なシルト。腐植物を僅かに含む。','暗灰',1),
	(13, -10.45, -12.25, 7,'非常に緩い','軟らかい', '径2㎜程度の細礫を含む粗砂。細～中砂を含み、全体に不均一。','暗灰',1),
	(14, -12.25, -13.45, 6,'非常に緩い','軟らかい', '細～粗砂を含む不均一な中砂。','暗灰',1),
	(15, -13.45, -15.35, 2,'非常に緩い','軟らかい', '比較的均質なシルト。細砂を薄層で挟在する。深度23.5m以浅、径2㎜程度の細礫を混入する。','暗灰',1),
	(16, -15.35, -20.53, 4,'非常に緩い','軟らかい', '径5～50㎜の亜円～亜角礫を主とする砂礫。マトリックスは径2㎜程度の細礫を含む粗砂。削孔水の漏水が認められ、孔壁の崩壊が顕著である。','暗灰',1),
	-------------------------------------------------
	(17,NULL, -2.67,11,'非常に緩い','軟らかい', 'Have no description.','暗青灰',2),
	(18, -2.67,-3.27, 12,'非常に緩い','軟らかい', 'Have no description.','暗灰',2),
	(19, -3.27, -4.32, 10,'非常に緩い','軟らかい', 'Have no description.','暗灰',2),
	(20, -4.32, -4.67, 2,'非常に緩い','軟らかい', 'Have no description.','暗灰',2),
	(21, -4.67, -5.47, 13,'非常に緩い','軟らかい', 'Have no description.','暗灰',2),
	(22, -5.47, -8.87, 8,'非常に緩い','軟らかい', 'Have no description.','暗灰',2),
	(23, -8.87, -10.72, 4,'非常に緩い','軟らかい', 'Have no description.','暗灰',2),
	(24, -10.72, -12.72, 5,'非常に緩い','軟らかい', 'Have no description.','暗灰',2),
	(25, -12.72, -13.02, 8,'非常に緩い','軟らかい', 'Have no description.','暗灰',2),
	(26, -13.02, -13.77, 5,'非常に緩い','軟らかい', 'Have no description.','暗灰',2),
	(27,-13.77, -14.77,2,'非常に緩い','軟らかい', 'Have no description.','暗青灰',2),
	(28, -14.77,-16.52, 4,'非常に緩い','軟らかい', 'Have no description.','暗灰',2),
	(29, -16.52, -18.82, 2,'非常に緩い','軟らかい', 'Have no description.','暗灰',2),
	(30, -18.82, -19.27, 14,'非常に緩い','軟らかい', 'Have no description.','暗灰',2),
	(31, -19.27, -23.47, 2,'非常に緩い','軟らかい', 'Have no description.','暗灰',2),
	(32, -23.47, -24.12, 14,'非常に緩い','軟らかい', 'Have no description.','暗灰',2),
	(33, -24.12, -25.82, 2,'非常に緩い','軟らかい', 'Have no description.','暗灰',2),
	-------------------------------------------------
	(34, NULL, -3.28,11,'非常に緩い','軟らかい', 'Have no description.','暗灰',3),
	(35,-3.28, -4.32,12,'非常に緩い','軟らかい', 'Have no description.','暗灰',3),
	(36, -4.32, -4.93, 5,'非常に緩い','軟らかい', 'Have no description.','暗灰',3),
	(37, -4.93,-6.88,2,'非常に緩い','軟らかい', 'Have no description.','暗青灰',3),
	(38,-6.88, -7.13, 4,'非常に緩い','軟らかい', 'Have no description.','暗灰',3),
	(39, -7.13, -8.13,2,'非常に緩い','軟らかい', 'Have no description.','暗灰',3),
	(40, -8.13, -9.28, 6,'非常に緩い','軟らかい', 'Have no description.','暗灰',3),
	(41, -9.28, -10.43, 5,'非常に緩い','軟らかい', 'Have no description.','暗灰',3),
	(42, -10.43, -10.83,5,'非常に緩い','軟らかい', 'Have no description.','暗灰',3),
	(43, -10.83, -11.43, 5,'非常に緩い','軟らかい', 'Have no description.','暗灰',3),
	(44, -11.43, -12.78, 4,'非常に緩い','軟らかい', 'Have no description.','暗灰',3),
	(45, -12.78, -12.98,  2,'非常に緩い','軟らかい', 'Have no description.','暗灰',3),
	(46, -12.98, -13.73,  14,'非常に緩い','軟らかい', 'Have no description.','暗灰',3),
	(47, -13.73,-18.38, 4,'非常に緩い','軟らかい', 'Have no description.','暗青灰',3),
	(48,-18.38, -18.68,2,'非常に緩い','軟らかい', 'Have no description.','暗灰',3),
	(49, -18.68, -23.73, 14,'非常に緩い','軟らかい', 'Have no description.','暗灰',3),
	(50, -23.73, -26.34, 2,'非常に緩い','軟らかい', 'Have no description.','暗灰',3),
	----------------------------------------------------------
	(51,	 NULL, 	-0.55, 21,'非常に緩い','軟らかい', '0.00～0.03mｱｽﾌｧﾙﾄ 0.03～0.50m砕石よりなる。','灰',4),
	(52, 	-0.55, 	-1.20, 21,'非常に緩い','軟らかい', '埋設構造物上面','灰',4),
	(53, 	-1.20, 	-4.85, 4,'非常に緩い','軟らかい', '含水は非常に多い。礫は2～5mm位の細礫主体で最大で10mm位である。含水も多く非常に緩い。埋土による細礫。','黒褐',4),
	(54,	-4.85, 	-5.35 ,21,'非常に緩い','軟らかい', '埋設構造物の底面','暗緑',4),
	(55, 	-5.35, 	-8.65, 11,'非常に緩い','軟らかい', '含水はやや多い。礫は2～40mm位の亜円礫主体で亜角礫も混入する。礫種は多様で比較的新鮮で硬質である。最大粒径も50mm位で粒径も不均一である。マトリックスは粗砂。。','暗緑',4),
	(56,	-8.65, 	-9.20, 4,'非常に緩い','軟らかい', '含水は中位。粘性はやや強い','淡灰',4),
	(57,	-9.20, 	-10.40, 1,'非常に緩い','軟らかい', '含水は中位。炭化した木片も混入し不均質である。粘性は弱い。','暗褐',4),
	(58,	-10.40, -11.45,15,'非常に緩い','軟らかい', '径2～30㎜の亜円礫を混入する礫混じり粗砂。','暗青灰',4),
	(59,	-11.45,	-12.35, 17,'非常に緩い','軟らかい', '比較的均質なシルト。深度15m付近に細砂を薄層で挟在する','暗灰',4),
	(60,	-12.35,	-14.95,19,'非常に緩い','軟らかい', '所々に細砂を薄層で挟在する砂質シルト。腐植物を含む。','暗灰',4),
	(61,	-14.95, -16, 15,'非常に緩い','軟らかい', '径2㎜程度の細礫を含む粗砂。細～中砂を含み、全体に不均一。','暗灰',4),
	(62,	-16,	-18.75, 19,'非常に緩い','軟らかい', '全体に細粒分を含む中砂。全体に不均一','暗灰',4),
	(63,	-18.75,	-20.50, 20,'非常に緩い','軟らかい', '比較的均質なシルト。腐植物を僅かに含む。','暗灰',4),
		----------------------------------------------------------
	(64,	 NULL, 	-1.46, 21,'非常に緩い','軟らかい', '0.00～0.03mｱｽﾌｧﾙﾄ 0.03～0.50m砕石よりなる。','暗褐～褐',5),
	(65, 	-1.46, 	-2.46, 21,'非常に緩い','軟らかい', '埋設構造物上面','青灰',5),
	(66, 	-2.46, 	-3.11, 4,'非常に緩い','軟らかい', '含水は非常に多い。礫は2～5mm位の細礫主体で最大で10mm位である。含水も多く非常に緩い。埋土による細礫。','暗灰',5),
	(67,	-3.11, 	-3.66 ,21,'非常に緩い','軟らかい', '埋設構造物の底面','淡黄',5),
	(68, 	-3.66, 	-8.11, 11,'非常に緩い','軟らかい', '含水はやや多い。礫は2～40mm位の亜円礫主体で亜角礫も混入する。礫種は多様で比較的新鮮で硬質である。最大粒径も50mm位で粒径も不均一である。マトリックスは粗砂。。','淡灰',5),
	(69,	-8.11, 	-8.51, 4,'非常に緩い','軟らかい', '含水は中位。粘性はやや強い','暗褐',5),
	(70,	-8.51, 	-9.01, 1,'非常に緩い','軟らかい', '含水は中位。炭化した木片も混入し不均質である。粘性は弱い。','暗灰',5),
	(71,	-9.01, -10.46,15,'非常に緩い','軟らかい', '径2～30㎜の亜円礫を混入する礫混じり粗砂。','茶褐',5),
	(72,	-10.46,	-11.11, 17,'非常に緩い','軟らかい', '比較的均質なシルト。深度15m付近に細砂を薄層で挟在する','淡灰～淡',5),
	(73,	-11.11,	-14.36,19,'非常に緩い','軟らかい', '所々に細砂を薄層で挟在する砂質シルト。腐植物を含む。','暗褐',5),
	(74,	-14.36, -15.01, 15,'非常に緩い','軟らかい', '径2㎜程度の細礫を含む粗砂。細～中砂を含み、全体に不均一。','青灰',5),
	(75,	-15.01,	-15.71, 19,'非常に緩い','軟らかい', '全体に細粒分を含む中砂。全体に不均一','淡青灰',5),
	(76,	-15.71,	-20.56, 20,'非常に緩い','軟らかい', '比較的均質なシルト。腐植物を僅かに含む。','黄褐',5),
	
	(77,	64.3,	59.30, 26,'非常に緩い','軟らかい', '玉石は硬質な安山岩主体でφ50mm程度が中心。玉石の最大はL=400mmの柱状コアで採取される。マトリックスは凝灰質細砂。N値は玉石障害で跳ね上がる。。','黄褐',6),
	(78,	59.30,	53.30, 27,'非常に緩い','軟らかい', '比較的均質なシルト。腐植物を僅かに含む。','黒灰',6),
	
	(79,	64.3,	60.3, 26,'非常に緩い','軟らかい', '玉石は硬質な安山岩主体でφ50mm程度が中心。玉石の最大はL=250mmの柱状コアで採取される。マトリックスは凝灰質細砂。N値は玉石障害で跳ね上がる。','暗褐',7),
	(80,	60.3,	56.3, 27,'非常に緩い','軟らかい', '4.00m付近は比較的軟らかく、含水多い。非溶結の凝灰岩。','黒灰',7),
	
	(81,	64.3,	57.4, 26,'非常に緩い','軟らかい', '玉石は硬質な安山岩主体でφ50mm程度が中心。玉石の最大はL=400mmの柱状コアで採取される。マトリックスは凝灰質細砂。N値は玉石障害で跳ね上がる。','黄褐',8),
	(82,	57.4,	56.3, 27,'非常に緩い','軟らかい', '比較的均質なシルト。腐植物を僅かに含む。','黒灰',8),

	(83,	64.3,	62.6, 12,'非常に緩い','軟らかい', '礫はφ5～30mm大の安山岩礫主体。砂質粘土状を呈する。','暗褐',9),
	(84,	62.6,	59.5, 26,'非常に緩い','軟らかい', '玉石は硬質な安山岩主体でφ100mm程度が中心。玉石の最大はL=200mmの柱状コアで採取されるマトリックスは凝灰質細砂。N値は玉石障害で跳ね上がる。','暗褐',9),
	(85,	59.5,	55.3, 27,'非常に緩い','軟らかい', '比較的均質なシルト。腐植物を僅かに含む。','黒灰',9),
	
	(86,	-0.034,	-0.38, 11,'非常に緩い','軟らかい', '礫はφ5～30mm大の安山岩礫主体。砂質粘土状を呈する。','暗褐',10),
	(87,	-0.38,	-2.23, 10,'非常に緩い','軟らかい', '玉石は硬質な安山岩主体でφ100mm程度が中心。玉石の最大はL=200mmの柱状コアで採取されるマトリックスは凝灰質細砂。N値は玉石障害で跳ね上がる。','暗褐',10),
	(88,	-2.23,	-3.33, 9,'非常に緩い','軟らかい', '比較的均質なシルト。腐植物を僅かに含む。','黒灰',10),
	(89,	-3.33,	-4.23, 8,'非常に緩い','軟らかい', '礫はφ5～30mm大の安山岩礫主体。砂質粘土状を呈する。','暗褐',10),
	(90,	-4.23,	-5.33, 8,'非常に緩い','軟らかい', '礫はφ5～30mm大の安山岩礫主体。砂質粘土状を呈する。','暗褐',10),
	(91,	-5.33,	-6.03, 8,'非常に緩い','軟らかい', '礫はφ5～30mm大の安山岩礫主体。砂質粘土状を呈する。','暗褐',10),
	(92,	-6.03,	-6.88, 1,'非常に緩い','軟らかい', '礫はφ5～30mm大の安山岩礫主体。砂質粘土状を呈する。','暗褐',10),
	(93,	-6.88,	-11.33, 8,'非常に緩い','軟らかい', '礫はφ5～30mm大の安山岩礫主体。砂質粘土状を呈する。','暗褐',10),
	(94,	-11.33,-11.78, 1,'非常に緩い','軟らかい', 'Have no description.','暗褐',10),
	(95,	-11.78,-16.38, 8,'非常に緩い','軟らかい', 'Have no description.','暗褐',10),
	(96,	-16.38,	-19.93, 8,'非常に緩い','軟らかい', 'Have no description.','暗褐',10),
	(97,	-19.93,	-20.63, 1,'非常に緩い','軟らかい', 'Have no description.','暗褐',10),
	
	(98,	0.157,	-0.44, 28,'非常に緩い','軟らかい', 'Have no description.','暗褐',11),
	(99,	-0.44,	-0.64, 2,'非常に緩い','軟らかい', 'Have no description.','暗褐',11),
	(100,	-0.64,	-1.14, 7,'非常に緩い','軟らかい', 'Have no description.','暗褐',11),
	(101,	-1.14,	-1.94, 25,'非常に緩い','軟らかい', 'Have no description.','暗褐',11),
	(102,	-1.94,	-3.44, 15,'非常に緩い','軟らかい', 'Have no description.','暗褐',11),
	(103,	-3.44,	-4.19, 5,'非常に緩い','軟らかい', 'Have no description.','暗褐',11),
	(104,	-4.19,	-4.74, 7,'非常に緩い','軟らかい', 'Have no description.','暗褐',11),
	(105,	-4.74,	-5.99, 12,'非常に緩い','軟らかい', 'Have no description.','暗褐',11),
	(106,	-5.99,	-6.59, 15,'非常に緩い','軟らかい', 'Have no description.','暗褐',11),
	(107,	-6.59,	-7.19, 12,'非常に緩い','軟らかい', 'Have no description.','暗褐',11),
	(108,	-7.19,	-8.09, 5,'非常に緩い','軟らかい', 'Have no description.','暗褐',11),
	(109,	-8.09,	-8.61, 7,'非常に緩い','軟らかい', 'Have no description.','暗褐',11),
	(110,	-8.61,	-9.51, 1,'非常に緩い','軟らかい', 'Have no description.','暗褐',11),
	(111,	-9.51,	-10.59, 15,'非常に緩い','軟らかい', 'Have no description.','暗褐',11),
	(112,	-10.59,	-11.44, 12,'非常に緩い','軟らかい', 'Have no description.','暗褐',11),
	(113,	-11.44,	-12.24, 5,'非常に緩い','軟らかい', 'Have no description.','暗褐',11),
	(114,	-12.24,	-12.64, 15,'非常に緩い','軟らかい', 'Have no description.','暗褐',11),
	(115,	-12.64,	-13.69, 1,'非常に緩い','軟らかい', 'Have no description.','暗褐',11),
	(116,	-13.69,	-14.44, 15,'非常に緩い','軟らかい', 'Have no description.','暗褐',11),
	(117,	-14.44,	-20.63, 8,'非常に緩い','軟らかい', 'Have no description.','暗褐',11),
	(118,	-15.69,	-16.19, 7,'非常に緩い','軟らかい', 'Have no description.','暗褐',11),
	(119,	-16.19,	-19.59, 15,'非常に緩い','軟らかい', 'Have no description.','暗褐',11),
	(120,	-19.59,	-21.64, 15,'非常に緩い','軟らかい', 'Have no description.','暗褐',11),
	(121,	-21.64,	-25.29, 15,'非常に緩い','軟らかい', 'Have no description.','暗褐',11),
	
	(122,	0,	-0.45, 11,'非常に緩い','軟らかい', '礫はφ5～30mm大の安山岩礫主体。砂質粘土状を呈する。','暗褐',12),
	(123,	-0.45,	-0.65, 10,'非常に緩い','軟らかい', '玉石は硬質な安山岩主体でφ100mm程度が中心。玉石の最大はL=200mmの柱状コアで採取されるマトリックスは凝灰質細砂。N値は玉石障害で跳ね上がる。','暗褐',12),
	(124,	-0.65,	-1.35, 9,'非常に緩い','軟らかい', '比較的均質なシルト。腐植物を僅かに含む。','黒灰',12),
	(125,	-1.35,	-2.05, 8,'非常に緩い','軟らかい', '礫はφ5～30mm大の安山岩礫主体。砂質粘土状を呈する。','暗褐',12),
	(126,	-2.05,	-4.05, 8,'非常に緩い','軟らかい', '礫はφ5～30mm大の安山岩礫主体。砂質粘土状を呈する。','暗褐',12),
	(127,	-4.05,	-4.65, 8,'非常に緩い','軟らかい', '礫はφ5～30mm大の安山岩礫主体。砂質粘土状を呈する。','暗褐',12),
	(128,	-4.65,	-6.65, 1,'非常に緩い','軟らかい', '礫はφ5～30mm大の安山岩礫主体。砂質粘土状を呈する。','暗褐',12),
	(129,	-6.65,	-7.85, 8,'非常に緩い','軟らかい', '礫はφ5～30mm大の安山岩礫主体。砂質粘土状を呈する。','暗褐',12),
	(130,	-7.85,-10.65, 1,'非常に緩い','軟らかい', 'Have no description.','暗褐',12),
	(131,	-10.65,-11.85, 8,'非常に緩い','軟らかい', 'Have no description.','暗褐',12),
	(132,	-11.85,	-15.35, 8,'非常に緩い','軟らかい', 'Have no description.','暗褐',12),
	(133,	-15.35,	-16.65, 1,'非常に緩い','軟らかい', 'Have no description.','暗褐',12),
	
	(134,	0,	-0.55, 1,'非常に緩い','軟らかい', 'Have no description.','暗褐',13),
	(135,	-0.55,	-1.55, 3,'非常に緩い','軟らかい', 'Have no description.','暗褐',13),
	(136,	-1.55,	-2.55, 4,'非常に緩い','軟らかい', 'Have no description.','暗褐',13),
	(137,	-2.55,	-5.75, 5,'非常に緩い','軟らかい', 'Have no description.','暗褐',13),
	(138,	-5.75,	-6.95, 6,'非常に緩い','軟らかい', 'Have no description.','暗褐',13),
	(139,	-6.95,	-11.35,7,'非常に緩い','軟らかい', 'Have no description.','暗褐',13),
	(140,	-11.35,	-12.75,11,'非常に緩い','軟らかい', 'Have no description.','暗褐',13),
	(141,	-12.75,	-20.20, 22,'非常に緩い','軟らかい', 'Have no description.','暗褐',13),
	
	(142,	0,	-0.55, 5,'非常に緩い','軟らかい', 'Have no description.','暗褐',14),
	(143,	-0.55,	-1.55, 3,'非常に緩い','軟らかい', 'Have no description.','暗褐',14),
	(144,	-1.55,	-2.55, 6,'非常に緩い','軟らかい', 'Have no description.','暗褐',14),
	(145,	-2.55,	-5.75, 1,'非常に緩い','軟らかい', 'Have no description.','暗褐',14),
	(146,	-5.75,	-6.95, 2,'非常に緩い','軟らかい', 'Have no description.','暗褐',14),
	(147,	-6.95,	-11.35, 6,'非常に緩い','軟らかい', 'Have no description.','暗褐',14),
	(148,	-11.35,	-12.75, 6,'非常に緩い','軟らかい', 'Have no description.','暗褐',14),
	(149,	-12.75,	-20.20, 3,'非常に緩い','軟らかい', 'Have no description.','暗褐',14),
	(150,	-20.20,	-39.9, 10,'非常に緩い','軟らかい', 'Have no description.','暗褐',14),
	(151,	-39.9,	-41.35, 11,'非常に緩い','軟らかい', 'Have no description.','暗褐',14),
	(152,	-41.35,	-42.80, 13,'非常に緩い','軟らかい', 'Have no description.','暗褐',14),
	
	(153,	0,	-1.24, 5,'非常に緩い','軟らかい', 'Have no description.','暗褐',15),
	(154,	-1.24,	-1.64, 3,'非常に緩い','軟らかい', 'Have no description.','暗褐',15),
	(155,	-1.64,	-2.54, 6,'非常に緩い','軟らかい', 'Have no description.','暗褐',15),
	(156,	-2.54,	-10.04, 1,'非常に緩い','軟らかい', 'Have no description.','暗褐',15),
	(157,	-10.04,	-11.74, 2,'非常に緩い','軟らかい', 'Have no description.','暗褐',15),
	(158,	-11.74,	-13.47, 6,'非常に緩い','軟らかい', 'Have no description.','暗褐',15),
	(159,	-13.47,	-14.44, 6,'非常に緩い','軟らかい', 'Have no description.','暗褐',15),
	(160,	-14.44,	-15.54, 3,'非常に緩い','軟らかい', 'Have no description.','暗褐',15),
	(161,	-15.54,	-17.34, 10,'非常に緩い','軟らかい', 'Have no description.','暗褐',15),
	(162,	-17.34,	-19.64, 11,'非常に緩い','軟らかい', 'Have no description.','暗褐',15),
	(163,	-19.64,	-22.64, 13,'非常に緩い','軟らかい', 'Have no description.','暗褐',15),
	(164,	-22.64,	-23.44, 16,'非常に緩い','軟らかい', 'Have no description.','暗褐',15),
	(165,	-23.44,	-25.34, 12,'非常に緩い','軟らかい', 'Have no description.','暗褐',15),
	(166,	-25.34,	-25.74, 12,'非常に緩い','軟らかい', 'Have no description.','暗褐',15),
	(167,	-25.74,	-26.64, 10,'非常に緩い','軟らかい', 'Have no description.','暗褐',15),
	(168,	-26.64,	-27.14, 12,'非常に緩い','軟らかい', 'Have no description.','暗褐',15),
	(169,	-27.14,	-28.81, 11,'非常に緩い','軟らかい', 'Have no description.','暗褐',15);
	
--11. Insert into "soil_sample" table.
insert into "soil_sample" ("soil_sample_id","sample_no","from_depth","to_depth","result_id")
values
	(1, 'T1-1',  3 , 3.80, 1),
	(2, 'T1-2', 6, 6.8, 1),
	(3, 'D1-1', 10.15, 10.45, 1),
	(4, 'T1-3', 13, 13.80, 1),
	(5, 'T1-4', 19, 19.80, 1),
	(6, 'D1-2', 24.15, 24.45, 1),
	-------------------------------------------------
	(7, 'S2-1',  2.5 , 3.5, 3),
	(8, 'S2-2', 4.5, 5.4, 3),
	(9, 'S2-3', 6.5, 7.4, 3),
	(10, 'S2-4', 10.5, 11.4, 3),
	(11, 'S2-5', 20.5, 21, 3),
	-------------------------------------------------
	(12, 'P-2',  2.0 , 2.45, 4),
	-------------------------------------------------
	(13, 'BNO-1',  1.25 , 2.15, 5),
	(14, 'BNO-2',  2.25 , 2.45, 5),
	(15, 'BNO-3',  2.9 , 3.45, 5),
	(16, 'BNO-4',  9.0 , 9.30, 5),
	(17, 'BNO-5',  10.25 , 10.85, 5),
	(18, 'BNO-6',  17.20 , 17.50, 5),
	
	(19, 'P-1',  3.15 , 3.33, 8),
	(20, 'P-2',  4.15 , 4.45, 8),
	(21, 'P-3',  6.15 , 6.45, 8),
	(22, 'P-4',  7.15 , 7.45, 8),
	-------------------------------------------------
	(23, 'D-1',  3.50 , 4.20, 10),
	(24, 'P-1',  5.30 , 5.45, 10),
	(25, 'P-2',  6.15 , 6.47, 10),
	(26, 'D-2',  8.00 , 8.80, 10),
	(27, 'D-3',  12.00 , 12.80, 10),
	(28, 'D-4',  16.00 , 16.80, 10),
	(29, 'D-5',  19.00 , 19.80, 10),
	-------------------------------------------------
	(30, 'T-1-2',  2 , 2.85, 11),
	(31, 'T-2-4',  4 , 4.88, 11),
	(32, 'T-3-5',  5 , 5.86, 11),
	(33, 'T-1-7',  7.15 , 7.35, 11),
	(34, 'T-2-8',  8.15 , 8.45, 11),
	(35, 'T-4-10',  10 , 10.84, 11),
	(36, 'P-3-12',  12.15 , 12.45, 11),
	(37, 'P-4-13',  13.15 , 13.45, 11),
	(38, 'P-5-14',  14 , 14.45, 11),
	(39, 'P-6-15',  15.15 , 15.45, 11),
	(40, 'P-7-17',  17.15 , 17.45, 11),
	
	(41, 'B-1',  2.5 , 3.3, 12),
	(42, 'B-2',  5.5 , 6.3, 12),
	(43, 'B-3',  9 , 9.8, 12),
	(44, 'B-4',  13.5 , 14.30, 12),
	
	(45, '1P-1',  2.15 , 2.50, 13),
	(46, '1P-2',  8.15 , 8.45, 13),
	(47, '1P-3',  12.15 , 12.5, 13),
	(48, '1P-4',  16.15, 16.45, 13),
	
	(49, 'T-1',  2.0 , 2.80, 14),
	(50, 'T-2',  4 , 4.80, 14),
	(51, 'T-3',  6 , 6.65, 14),
	(52, 'T-4',  12, 12.70, 14),
	(53, 'T-5',  15, 15.48, 14),
	(54, 'T-6',  25, 25.50, 14),
	(55, 'T-7',  35, 35.90, 14),
	
	(56, '(1)',  2.15 , 2.74, 15),
	(57, '(2)', 12.15 , 12.45, 15),
	(58, '(3)',  16.15 , 16.45, 15),
	(59, '(4)',  18.15,18.45, 15),
	(60, '(5)',  20.15, 20.45, 15);

--12. Insert into "executing" table.
insert into "executing" ("executing_id","soil_sample_id","conducting_date")
values 
	(1, 1, '2017-11-14'),
	(2, 2,  '2017-11-14'),
	(3, 4 , '2017-11-14'),
	(4, 5,  '2017-11-14'),
	-------------------------------------------------
	(5, 7, '2017-9-11'),
	(6, 8, '2017-9-11'),
	(7, 9, '2017-9-11'),
	(8, 10, '2017-9-11'),
	(9, 11, '2017-9-11'),
	-------------------------------------------------
	(10, 13, '2017-10-12'),
	(11, 14, '2017-10-12'),
	(12, 15, '2017-10-12'),
	(13, 16, '2017-10-12'),
	(14, 17, '2017-10-12'),
	(15, 18, '2017-10-12'),
	
	(16, 23, '2017-1-25'),
	(17, 24, '2017-1-25'),
	(18, 25, '2017-1-25'),
	(19, 26, '2017-1-25'),
	(20, 27, '2017-1-25'),
	(21, 28, '2017-1-25'),
	(22, 29, '2017-1-25'),
------------------------------
    (23, 30, '2017-2-3'),
	(24, 31, '2017-2-3'),
	(25, 32, '2017-2-3'),
	(26, 33, '2017-2-3'),
	(27, 34, '2017-2-3'),
	(28, 35, '2017-2-3'),
	(29, 36, '2017-2-3'),
	(30, 37, '2017-2-3'),
	(31, 38, '2017-2-3'),
	(32, 39, '2017-2-3'),
	(33, 40, '2017-2-3'),
	(34, 41, '2017-2-3'),
	(35, 42, '2017-2-3'),
	(36, 43, '2017-2-3'),
	(37, 44, '2017-2-3'),
	--------------------------
	(38, 45, '2017-2-3'),
	(39 ,46, '2017-2-3'),
	(40, 47, '2017-2-3'),
	(41, 48, '2017-2-3'),
	(42, 49, '2017-2-3'),
	(43, 50, '2017-2-3'),
	(44, 51, '2017-2-3'),
	(45, 52, '2017-2-3'),
	(46, 53, '2017-2-3'),
	(47, 54, '2017-2-3'),
	(48, 55, '2017-2-3'),
	
	(49, 56, '2017-3-1'),
	(50, 57, '2017-3-1'),
	(51, 58, '2017-3-1'),
	(52, 59, '2017-3-1'),
	(53, 60, '2017-3-1')
	;

--13. Insert into "consistency_varcharistic".
insert into "consistency_varcharistic" ("id","liquid_limit","plasticity_limit","plasticity_index","executing_id")
values 
	(1, 57.3, 30.6,26.7, 1),
	(2, 52.3, 26.0, 26.3, 2),
	(3, 62.8, 33.6, 29.2, 3),
	(4, 67.3, 32.7, 34.6, 4);

--14. Insert into consolidation
insert into "consolidation" ("id","compression_index","consolidation_yield_stress","test_method","executing_id")
values 
	(1, 0.46, 42.6,'土の段階載荷',1),
	(2, 0.44, 103.7,'土の段階載荷',2),
	(3, 0.54, 171.8,'土の段階載荷',3),
	(4, 0.6, 235.4,'土の段階載荷',4),
	-------------------------------------------------
	(5, 0.252, 396.2,'土の段階載荷',5),
	(6, 0.196, 518.8,'土の段階載荷',6),
	(7, 0.306, 300,'土の段階載荷',7),
	(8, 0.296, 881.4,'土の段階載荷',8),
	(9, 0.531, 281.0,'土の段階載荷',9),
	-------------------------------------------------
	(10, 0.206, 194.2,'土の段階載荷',12),
	(11, 4.415, 276.6,'土の段階載荷',13),
	(12, 0.269, 388.5,'土の段階載荷',14),
	(13, 4.053, 207.5,'土の段階載荷',15),
	
	(14, 0.33, 393.2,'土の段階載荷',16),
	(15, 1.24, 90.8,'土の段階載荷',19),
	(16, 1.87, 155.2,'土の段階載荷',20),
	(17, 1.72, 158.7,'土の段階載荷',21),
	(18, 1.69, 181.7,'土の段階載荷',22),
	
	(19, 2.56, 45.3,'土の段階載荷',23),
	(20, 2.94, 83.2,'土の段階載荷',24),
	(21, 0.95, 52.5,'土の段階載荷',25),
	(22, 2.1,  79.9,'土の段階載荷',28),

	(23, 2.92, 42.7,'土の段階載荷',34),
	(24, 1.43, 76,'土の段階載荷',35),
	(25, 0.52, 186.4,'土の段階載荷',36),
	(26, 0.48, 240.1,'土の段階載荷',37),
	
	(27, 0.14, 87.33,'土の段階載荷',42),
	(28, 0.5,  62.58,'土の段階載荷',43),
	(29, 0.29, 399.21,'土の段階載荷',44),
	(30, 0.24, 522.33,'土の段階載荷',45),
	(31, 0.21, 226.16,'土の段階載荷',46),
	(32, 0.17, 273.84,'土の段階載荷',47),
	(33, 0.3,  355.05,'土の段階載荷',48);
	 ;
--15. Insert into shear
insert into "shear" ("id","total_stress_c","total_stress_c1","affective_stress_c","affective_stress_c1","executing_id")
values
	(1, 16.3,0.01, NULL,NULL,   1),
	(2, 32.9,0.29, NULL,NULL,   1),
	-------------------------------------------------
	(3, 18.11,9.32, NULL,NULL,   5),
	(4, 32.4,7.99, NULL,NULL,   6),
	(5, 51.0,5.79, NULL,NULL,   7),
	(6, 52.8,11.92, NULL,NULL,   8),
	(7, 81.1,2.98, NULL,NULL,   9),
	-------------------------------------------------
	(8, 23.18,3.3, NULL,NULL,   11),
	(9, 12.59,8.59, NULL,NULL,   13),
	(10, 37.0,6.3, NULL,NULL,   16),
	
	(11,15.7,5.02, NULL,NULL,   23),
	(12, 16.2,6.33, NULL,NULL,   24),
	
	(13,24.7,0, NULL,NULL,   34),
	(14,32.9,0, NULL,NULL,   35),
	
	(15,10.93,5.7, NULL,NULL,   42),
	(16,13.15,2.6, NULL,NULL,   43);
--16.Insert into general table;

insert into "general" ("id","dry_density","wet_density","soil_particle","natural_water_content","void_ratio","dryness","executing_id")
values 
	(1,1.644, 1.030, 2.675, 58.5, 1.597, 98, 1),
	(2,1.681, 1.091,2.668, 52.1,1.445,96.2,  2),
	(3, 1.669, 1.071, 2.664, 54.4, 4.487,97.5,3),
	(4, 1.659, 1.076, 2.632, 53.1,1.446, 96.7, 4),
	-------------------------------------------------
	(5, 1.751, 1.197, 2.622, 46.3,1.190, 102, 5),
	(6, 1.636, 1.060, 2.598, 54.4,1.451, 97.4, 6),
	(7, 1.649,1.080, 2.562,52.7,1.372,98.4, 7),
	(8, 1.718, 1.180, 2.66, 45.6,1.208, 98.4,8),
	(9, 1.587, 1.015, 2.541, 56.4,1.503, 95.4, 9),
	-------------------------------------------------
	(10, 1.868, 1.533, 2.627, 21.87,0.714, 80.4, 10),
	(11, 1.965, 1.546, 2.703, 27.19,0.75,98, 12),
	(12, NULL,NULL, 2.040,NULL,NULL,NULL, 13),
	(13, NULL, NULL, 2.641, NULL,NULL, NULL,14),
	(14, NULL, NULL, 1.811, NULL,NULL, NULL, 15),
	
	(15, NULL, NULL, 2.687, NULL,NULL, NULL, 17),
	
	(16, 1.83, 1.32, 2.693, 37.2,1.041, 100, 16),
	(17, 1.451, 0.787, 2.646, 84.5,2.365, 94.6, 19),
	(18, 1.442, 0.710, 2.673, 103.3,2.767, 99.8, 20),
	(19, 1.468, 0.769, 2.654, 91.5,2.453,99.1, 21),
	
	(20, 1.338, 0.596, 2395, 126.6,3.017,98.8, 23),
	(21, 1.159, 0.353, 2.028, 240,5.011,97.8, 24),
	(22, NULL, NULL, 2.583, NULL,NULL,NULL, 25),
	(23, NULL, NULL, 2.580, NULL,NULL,NULL, 26),
	(24, NULL, NULL, 2.207, NULL,NULL,NULL, 28),
	(25,NULL, NULL, 2.673,NULL,NULL,NULL, 31),
	
	(26,1.163, 0.345, 2.107,238.8,5.146,98, 34),
	(27,1.414, 0.704, 2.445,102.9,2.524,100, 35),
	(28,1.579, 0.974, 2.460,62.2,1.527,100, 36),
	(29,1.650, 1.084, 2.491,52.2,1.298,100, 37),
	
	(30,NULL, NULL, 2.646,NULL,NULL,NULL, 42),
	(31,NULL, NULL, 2.620,NULL,NULL,NULL, 43),
	(32,NULL, NULL, 2.617,NULL,NULL,NULL, 44),
	(33,NULL, NULL, 2.639,NULL,NULL,NULL, 45),
	(34,NULL,NULL, 2.643,NULL,NULL,NULL, 46),
	(35,NULL, NULL, 2.630,NULL,NULL,NULL, 47),
	(36,NULL, NULL, 2.627,NULL,NULL,NULL, 48);
--17. Insert into particle_size table;
insert into "particle_size" ("id","stone","gravel","sand","silt","clay","max_size","equal_coefficient","executing_id")
values 
	(1, NULL,  0, 7.1, 53.9, 39.0,  2, NULL, 1),
	(2, NULL,  0, 6.3,  0.7,  59.9, 33.8,  33.8,2),
	(3, NULL,  0, 0.7,  62.2,  37.1,  2,  NULL,3),
	(4,  NULL, 0, 0.2,  48.9,  50.9,  2, NULL,4),
	-------------------------------------------------
	(5,  NULL, 29.2, 25.2, 20,  25.6,  26.5, NULL,10),
	(6,  NULL, 48.7, 42.1, 9.2,  9.2,  1, 34.6,11),
	(7,  NULL, 0, 10.8,  50.0,  39.2,  2, NULL,12),
	(8,  NULL, 0, 3.5,  67.2,  39.3,  0.250, NULL,13),
	(9,  NULL, 0.5, 10.1,  21.1 ,68.3,  9.5, NULL,14),
	(10,  NULL, 0, 85.6,  7.8,  6.6,  2, 11.1,17),
	(11,  NULL, 0, 63.9, 24.9,  11.9,  2, 68.1,18),
	
	(12,  NULL, 0, 44.7, 44.3, 11.0,  2, 21.8,16),
	(13,  NULL, 0, 0.8, 43.1,  56.1,  0.85, NULL,19),
	(14,  NULL, 0, 4.9, 37.8, 57.3,  2, NULL,20),
	(15,  NULL, 0, 41.4, 51.3, 2,  NULL, NULL,21),
	(16,  NULL, 0, 1.3,46.8,  51.9,  6.85, 68.1 ,22),
	
	(17,  NULL, 0, 0.4,43.7, 55.9, 2, NULL ,23),
	(18,  NULL, 0, 0.6,22.8,  76.6,  2, NULL ,24),
	(19,  NULL, 0, 0.1,46.5,  53.4,  2, NULL ,25),
	(20,  NULL, 0, 4.8,46.6,  48.6,  2,NULL ,26),
	(21,  NULL, 0, 56.7,43.3,  43.3,  2, NULL ,27),
	(22,  NULL, 0, 11.6,19.4,  69.0,  2, NULL ,28),
	(23,  NULL, 0, 74.3,25.7,  25.7, 2, NULL ,29),
	(24,  NULL, 0, 22.5,77.5, 77.5,  2, NULL ,30),
	(25,  NULL, 17.5, 13.9,30.9,  37.7,  26.5, NULL ,31),
	(26,  NULL, 0, 9.2,90.8,  90.8, 90.8, 2 ,32),
	(27,  NULL, 0, 78.3,21.7,  21.7,  2, NULL ,33),
	
	(28,  NULL, 0, 0.2,29.8,  70.0, 0.106, NULL ,34),
	(29,  NULL, 0, 1.4,68.7, 29.9,  0.850, NULL ,35),
	(31,  NULL, 0, 0.6,64.4, 35.0,  0.425, NULL ,37),
	(32,  NULL, 0, 1.4,71.4,  27.2, 0.250, NULL ,36),
	
	(33,  NULL, 0, 1.6,4.1,  93.3, 1.2, NULL ,38),
	(34,  NULL, 0, 1.3,82.4, 16.3, 98.8, NULL ,39),
	(35,  NULL, 0, 0.0,26.5,  73.5, 98.8, NULL ,40),
	(36,  NULL, 0, 0.0,1.2,  98.8, 2, NULL ,41),
		
	(37,  NULL, 0, 0.3,99.7, 99.7, 0.425, NULL ,43),
	(38,  NULL, 0, 0.3,99.7,99.7, 0.425, NULL ,44)
	,
	(39,  NULL, 12.8, 61.3,25.9,25.9, 19, NULL ,49),
	(40,  NULL, 0, 8.2,91.8,91.8, 0.850, NULL ,50),
	(41,  NULL, 1.8, 50.4,47.8,47.8, 9.5, NULL ,51),
	(42,  NULL, 9.7, 53.9,36.4,36.4, 9.5, NULL ,52),
	(43,  NULL, 10.9, 70.6,18.5,18.5, 9.5, NULL ,53);
--18 Insert into soil_classification table;
insert into "soil_classification" ("id","soil_type_id","conducting_date","executing_id")
values
	(1, 8,NULL, 1),
	(2, 9 , NULL, 2),
	(3, 1 ,NULL, 3),
	(4, 10 ,NULL, 4),
	-----------------
	(5, 22 ,NULL, 10),
	(6, 23 ,NULL, 11),
	(7, 24 ,NULL, 12),
	(8, 25 ,NULL, 13),
	(9, 24 ,NULL, 14),
	(10, 25 ,NULL, 15),
	
	(11, 24 ,NULL, 17),
	(12, 24 ,NULL, 18),
	
	(13, 25 ,NULL, 23),
	(14, 25 ,NULL, 24),
	(15, 29 ,NULL, 25),
	(16, 29 ,NULL, 26),
	(17, 30 ,NULL, 27),
	(18, 25 ,NULL, 28),
	(19, 30 ,NULL, 29),
	(20, 24 ,NULL, 30),
	(21, 22 ,NULL, 31),
	(22, 24 ,NULL, 32),
	(23, 30 ,NULL, 33),
	
	(24, 31 ,NULL, 34),
	(25, 25 ,NULL, 35),
	(26, 32 ,NULL, 36),
	(27, 32 ,NULL, 37),
	
	(28, 32 ,NULL, 38),
	(29, 30 ,NULL, 39),
	(30, 30 ,NULL, 40),
	(31, 32 ,NULL, 41),
	
	(32, 30 ,NULL, 44),
	(33, 30 ,NULL, 45),
	
	(34, 23 ,NULL, 49),
	(35, 24 ,NULL, 50),
	(36, 30 ,NULL, 51),
	(37, 23 ,NULL, 52),
	(38, 23 ,NULL, 53);

	
	--A1 Insert into cement table;
insert into "cement" ("cement_id","symbol","name")
values
	(1, 'GS-200',NULL),
	(2, 'GS-225',NULL),
	(3, 'GS-275',NULL),
	(4, 'TL-3E',NULL),
	(5, 'US-50',NULL),
	(6, '高炉セメントB種',NULL),
	(7, '普通ｾﾒﾝﾄ',NULL),
	(8, 'HH-180',NULL),
	(9, 'HK-P530',NULL),
	(10, 'ｱｰｽﾀｲﾄ',NULL);